Median	SD
1	934419	0.0012963985074478878	0.00302272832402056
