@HD	VN:1.6
@SQ	SN:chr1	LN:249250621
@SQ	SN:chr2	LN:243199373
@SQ	SN:chr3	LN:198022430
@SQ	SN:chr4	LN:191154276
@SQ	SN:chr5	LN:180915260
@SQ	SN:chr6	LN:171115067
@SQ	SN:chr7	LN:159138663
@SQ	SN:chr8	LN:146364022
@SQ	SN:chr9	LN:141213431
@SQ	SN:chr10	LN:135534747
@SQ	SN:chr11	LN:135006516
@SQ	SN:chr12	LN:133851895
@SQ	SN:chr13	LN:115169878
@SQ	SN:chr14	LN:107349540
@SQ	SN:chr15	LN:102531392
@SQ	SN:chr16	LN:90354753
@SQ	SN:chr17	LN:81195210
@SQ	SN:chr18	LN:78077248
@SQ	SN:chr19	LN:59128983
@SQ	SN:chr20	LN:63025520
@SQ	SN:chr21	LN:48129895
@SQ	SN:chr22	LN:51304566
@SQ	SN:chrX	LN:155270560
@SQ	SN:chrY	LN:59373566
@SQ	SN:chrM	LN:16571
@RG	ID:GATKCopyNumber	SM:LI-VAL-42_T
CONTIG	START	END	LOG2_COPY_RATIO
chr2	1277586	1278486	-0.245875
chr2	1855621	1856521	0.154141
chr2	10094542	10095442	-0.147733
chr2	10269276	10269824	0.426326
chr2	10781494	10782394	0.222654
chr2	11199897	11200797	-0.189927
chr2	12146284	12147184	0.017828
chr2	13014978	13015878	0.111667
chr2	14361801	14362701	-0.027783
chr2	15807187	15808087	-0.050968
chr2	16080439	16081135	2.016391
chr2	16081800	16083246	1.602603
chr2	16085345	16086489	2.087007
chr2	16804234	16805134	0.208073
chr2	17897857	17898404	0.036736
chr2	17938259	17938787	-1.355745
chr2	18147443	18148343	0.276606
chr2	18955804	18956704	-0.491981
chr2	19730395	19731295	0.033964
